{
    "LAX": [
        -118.243683,
        34.052235
    ],
    "JFK": [
        -73.7781,
        40.6413
    ],
    "DEN": [
        -104.6737,
        39.8561
    ],
    "SEA": [
        -122.3088,
        47.4502
    ],
    "TPA": [
        -82.5333,
        27.9755
    ],
    "LHR": [
        -0.4543,
        51.47
    ],
    "SVO": [
        37.4149,
        55.9726
    ],
    "IST": [
        28.7519,
        41.2756
    ],
    "KEF": [
        -22.6056,
        63.9816
    ],
    "LIS": [
        -9.1291,
        38.7704
    ]
}