{
    "LAX": [
        -118.243683,
        34.052235
    ],
    "JFK": [
        -73.7781,
        40.6413
    ],
    "ATL": [
        -84.4277,
        33.6407
    ],
    "BJC": [
        -105.1174,
        39.9097
    ],
    "SEA": [
        -122.3088,
        47.4502
    ],
    "TPA": [
        -82.5333,
        27.9755
    ],
    "LHR": [
        -0.4543,
        51.47
    ],
    "FCO": [
        12.2386,
        41.8003
    ],
    "SVO": [
        37.4149,
        55.9726
    ],
    "AMS": [
        4.7683,
        52.3105
    ],
    "IST": [
        28.7519,
        41.2756
    ],
    "KEF": [
        -22.6056,
        63.9816
    ],
    "LIS": [
        -9.1291,
        38.7704
    ]
}